-- phpMyAdmin SQL Dump
-- version 5.0.2
-- https://www.phpmyadmin.net/
--
-- Хост: 127.0.0.1:3306
-- Время создания: Сен 17 2020 г., 08:58
-- Версия сервера: 10.3.22-MariaDB
-- Версия PHP: 7.1.33

SET SQL_MODE = "NO_AUTO_VALUE_ON_ZERO";
START TRANSACTION;
SET time_zone = "+00:00";


/*!40101 SET @OLD_CHARACTER_SET_CLIENT=@@CHARACTER_SET_CLIENT */;
/*!40101 SET @OLD_CHARACTER_SET_RESULTS=@@CHARACTER_SET_RESULTS */;
/*!40101 SET @OLD_COLLATION_CONNECTION=@@COLLATION_CONNECTION */;
/*!40101 SET NAMES utf8mb4 */;

--
-- База данных: `kontingent`
--

-- --------------------------------------------------------

--
-- Структура таблицы `users`
--

CREATE TABLE `users` (
  `id` int(11) NOT NULL,
  `login` varchar(15) COLLATE utf8mb4_unicode_ci NOT NULL,
  `password` varchar(15) COLLATE utf8mb4_unicode_ci NOT NULL
) ENGINE=InnoDB DEFAULT CHARSET=utf8mb4 COLLATE=utf8mb4_unicode_ci;

-- --------------------------------------------------------

--
-- Структура таблицы `группы`
--

CREATE TABLE `группы` (
  `Код_группы` int(20) NOT NULL,
  `Название_группы` varchar(20) COLLATE utf8mb4_unicode_ci NOT NULL,
  `Год_набора` int(4) DEFAULT NULL,
  `Шифр_специальности` varchar(30) COLLATE utf8mb4_unicode_ci DEFAULT NULL
) ENGINE=InnoDB DEFAULT CHARSET=utf8mb4 COLLATE=utf8mb4_unicode_ci;

--
-- Дамп данных таблицы `группы`
--

INSERT INTO `группы` (`Код_группы`, `Название_группы`, `Год_набора`, `Шифр_специальности`) VALUES
(1, 'ПСО 9,10 - 2016', 2016, '40.02.01'),
(2, 'ИСО 11,12 - 2016', 2016, '09.02.04'),
(3, 'БНД 13,14 - 2016', 2016, '38.02.07'),
(4, 'ПКС 15,16 - 2016', 2016, '09.02.03'),
(5, 'ПСО 17,18 - 2017', 2017, '40.02.01'),
(6, 'ИСО 19,20 - 2017', 2017, '09.02.04'),
(7, 'БНД 21,22 - 2017', 2017, '38.02.07'),
(8, 'ПКС 23,24 - 2017', 2017, '09.02.03'),
(9, 'ПСО 25,26 - 2018', 2018, '40.02.01'),
(10, 'ИСО 27,28 - 2018', 2018, '09.02.04'),
(11, 'БНД 29,30 - 2018', 2018, '38.02.07'),
(12, 'ПКС 31,32 - 2018', 2018, '09.02.03'),
(13, 'ПСО 33,34- 2019', 2019, '40.02.01'),
(14, 'ПИСО 35,36- 2019', 2019, '09.02.04'),
(15, 'БНД 37,38- 2019', 2019, '38.02.07'),
(16, 'ПКС 39,40- 2019', 2019, '09.02.03');

--
-- Триггеры `группы`
--
DELIMITER $$
CREATE TRIGGER `delete_student` BEFORE DELETE ON `группы` FOR EACH ROW BEGIN
DELETE FROM `студенты` WHERE `Код_группы`=OLD.`Код_группы`;
END
$$
DELIMITER ;

-- --------------------------------------------------------

--
-- Структура таблицы `специальности`
--

CREATE TABLE `специальности` (
  `Код_специальности` int(20) NOT NULL,
  `Полное_название` varchar(200) COLLATE utf8mb4_unicode_ci NOT NULL,
  `Краткое_название` varchar(20) COLLATE utf8mb4_unicode_ci DEFAULT NULL,
  `Шифр_специальности` varchar(30) COLLATE utf8mb4_unicode_ci DEFAULT NULL
) ENGINE=InnoDB DEFAULT CHARSET=utf8mb4 COLLATE=utf8mb4_unicode_ci;

--
-- Дамп данных таблицы `специальности`
--

INSERT INTO `специальности` (`Код_специальности`, `Полное_название`, `Краткое_название`, `Шифр_специальности`) VALUES
(1, 'Право и организация социального обеспечения', 'ПСО', '40.02.01'),
(2, 'Информационные системы (по отраслям)', 'ИСО', '09.02.04'),
(3, 'Банковское дело', 'БНД', '38.02.07'),
(4, ' Программирование в компьютерных системах', 'ПКС', '09.02.03');

-- --------------------------------------------------------

--
-- Структура таблицы `студенты`
--

CREATE TABLE `студенты` (
  `Код_студента` int(11) NOT NULL,
  `ФИО` varchar(250) COLLATE utf8mb4_unicode_ci NOT NULL,
  `Дата_рождения` date DEFAULT NULL,
  `Домашний_адрес` varchar(250) COLLATE utf8mb4_unicode_ci NOT NULL,
  `Контактный_телефон` int(20) NOT NULL,
  `Email` varchar(100) COLLATE utf8mb4_unicode_ci DEFAULT NULL,
  `Номер_договора` varchar(40) COLLATE utf8mb4_unicode_ci NOT NULL,
  `Название_группы` varchar(150) COLLATE utf8mb4_unicode_ci NOT NULL,
  `Код_группы` int(100) NOT NULL,
  `Контактная_информация_родителя` varchar(250) COLLATE utf8mb4_unicode_ci DEFAULT NULL
) ENGINE=InnoDB DEFAULT CHARSET=utf8mb4 COLLATE=utf8mb4_unicode_ci;

--
-- Дамп данных таблицы `студенты`
--

INSERT INTO `студенты` (`Код_студента`, `ФИО`, `Дата_рождения`, `Домашний_адрес`, `Контактный_телефон`, `Email`, `Номер_договора`, `Название_группы`, `Код_группы`, `Контактная_информация_родителя`) VALUES
(1, 'Яблонев Казимир Егорович', '2000-07-20', 'Г. Пермь, ул. Хохрякова, 27', 892953245, 'yhailassama@fnlete.guq', '588773', 'ПСО 9,10 - 2016', 1, '892953245'),
(2, 'Мальчикова Анастасия Феликсовна', '2000-04-21', ' Г. Пермь, ул. Мира, 7', 891932716, 'yhailassama@fnlete.guq', '464103 ', 'ПСО 9,10 - 2016', 1, '892953245'),
(3, 'Салехов Григорий Потапович', '2000-05-18', 'Г. Пермь, ул. Героев Хасана, 100', 894540245, 'yhailassama@fnlete.guq', '709996 ', 'ПСО 9,10 - 2016', 1, '892983245'),
(4, 'Милов Захар Глебович', '2000-07-31', ' Г. Пермь, ул. Екатерининская, 75', 899113491, 'yhailassama@fnlete.guq', '778869 ', 'ПСО 9,10 - 2016', 1, '892953245'),
(5, 'Чукреев Валентин Федосиевич', '2000-01-05', 'Г. Пермь, ул. Куйбышева, 79, а', 898152955, 'yhailassama@fnlete.guq', '154069 ', 'ПСО 9,10 - 2016', 1, '892953245'),
(6, 'Куксилова Оксана Тимофеевна', '2000-01-12', ' Г. Пермь, ул. Уральская, 69', 895719756, 'yhsdfsama@fnlete.guq', '781298', 'ПСО 9,10 - 2016', 1, '892953245'),
(7, 'Ягешева Христина Георгиевна', '2000-02-03', ' Г. Пермь, ул. Уинская, 5', 898487396, 'yhafgma@fnlete.guq', '863772 ', 'ПСО 9,10 - 2016', 1, '892953245'),
(8, 'Делов Наум Онисимович', '2000-02-09', ' Г. Добрянка, ул. Фрезеровщиков, 86', 898388037, 'yhailassama@fnlete.guq', '489228 ', 'ПСО 9,10 - 2016', 1, '892953245'),
(9, 'Шихранова Майя Ростиславовна', '2000-02-21', 'Г. Пермь, ул. Ленина, 34', 899689458, 'yhgfdma@fnlete.guq', '213918 ', 'ПСО 9,10 - 2016', 1, '892953245'),
(10, 'Габулова Ксения Станиславовна', '2000-02-23', ' Г. Пермь, ул. Монастырская, 61', 896762498, 'yhajtsama@fnlete.guq', '406089 ', 'ПСО 9,10 - 2016', 1, '892953245'),
(11, 'Полушин Нестор Леонидович', '2000-02-24', 'Г. Пермь, ул. Гарцовская, 68, а', 897631323, 'ywvedma@fnlete.guq', '586741 ', 'ИСО 11,12 - 2016', 2, '892953245'),
(12, 'Осинова Марианна Афанасиевна', '2000-03-03', ' Г. Пермь, ул. Ленина, 81', 894327433, 'yhaiverba@famnlete.guq', '319949 ', 'ИСО 11,12 - 2016', 2, '892953245'),
(13, 'Янчин Мирослав Аникитевич', '2000-03-15', ' Г. Пермь, пр-кт Парковый, 43, а', 891932716, 'brwsama@fnlete.guq', '440423 ', 'ИСО 11,12 - 2016', 2, '892953245'),
(14, 'Сязи Зоя Филипповна', '2000-03-20', 'Г. Пермь, ш. Космонавтов, 131, а', 892669602, 'brtwbama@fnlete.guq', '780616 ', 'ИСО 11,12 - 2016', 2, '892953245'),
(15, 'Родионов Кирилл Саввевич', '2000-03-22', ' Г. Пермь, ул. Карпинского, 25', 896843902, 'tywva@fnlete.guq', '545477 ', 'ИСО 11,12 - 2016', 2, '892953245'),
(16, 'Хромова Агата Вячеславовна', '2000-03-24', ' Г. Пермь, пр-д Якуба Коласа, 9', 896863287, 'ntrb@fnlete.guq', '877068 ', 'ИСО 11,12 - 2016', 2, '892953245'),
(17, 'Назаров Мирон Герасимович', '2000-03-31', ' Г. Пермь, ул. Куйбышева, 101', 894251565, 'berg@fnlete.guq', '490385 ', 'ИСО 11,12 - 2016', 2, '892953245'),
(18, 'Пищальникова Вероника Игоревна', '2000-04-13', 'Г. Пермь, ул. Борчанинова, 12', 890252383, 'get@fnlete.guq', '787911 ', 'ИСО 11,12 - 2016', 2, '892953245'),
(19, 'Степихова Яна Карповна', '2000-04-18', 'Г. Пермь, ул. Екатерининская, 169', 898017319, 'btea@fnlete.guq', '406191 ', 'ИСО 11,12 - 2016', 2, '892953245'),
(20, 'Куликова Дарья Карповна', '2000-04-20', 'Г. Пермь, ул. Клары Цеткин, 19, а', 895604716, 'btrnbsama@fnlete.guq', '590550 ', 'ИСО 11,12 - 2016', 2, '892953245'),
(21, 'Шимякина Марина Петровна', '2000-04-21', ' Г. Пермь, ул. Ленина, 81', 895621572, 'brehilassama@fnlete.guq', '762437 ', 'БНД 13,14 - 2016', 3, '892953245'),
(22, 'Бендлин Артём Игнатиевич', '2000-05-15', ' Г. Пермь, б-р Гагарина, 113, б', 898078627, 'btrblassama@fnlete.guq', '233201 ', 'БНД 13,14 - 2016', 3, '892953245'),
(23, 'Амбражевича Милена Николаевна', '2000-05-16', ' Г. Пермь, ул. Пушкина, 115а', 892937003, 'btrhilassama@fnlete.guq', '700731 ', 'БНД 13,14 - 2016', 3, '892953245'),
(24, 'Чичеринова Милена Никитевна', '2000-05-23', ' Г. Пермь, ул. Малкова, 17', 898743031, 'brbssama@fnlete.guq', '287083 ', 'БНД 13,14 - 2016', 3, '892953245'),
(25, 'Панарина Агафья Данилевна', '2000-05-24', ' Г. Пермь, ул. Мильчакова, 18', 896237802, 'bebersama@fnlete.guq', '678574 ', 'БНД 13,14 - 2016', 3, '892953245'),
(26, 'Гоминов Сергей Андриянович', '2000-06-16', 'Г. Пермь, ул. Куйбышева, 101', 893206689, 'twvssama@fnlete.guq', '256523 ', 'БНД 13,14 - 2016', 3, '892953245'),
(27, 'Елешев Андриян Афанасиевич', '2000-07-04', ' Г. Пермь, ул. Плеханова, 1', 892386012, 'twvrama@fnlete.guq', '921108 ', 'БНД 13,14 - 2016', 3, '892953245'),
(28, 'Щеголяев Прохор Ипатович', '2000-07-17', 'Г. Пермь, пр-кт Парковый, 23', 898106593, 'tnyrssama@fnlete.guq', '649911', 'БНД 13,14 - 2016', 3, '892953245'),
(29, 'Бильбасова Инесса Захаровна', '2000-07-19', 'Г. Пермь, ул. Маяковского, 8', 895166938, 'brebsama@fnlete.guq', '212624 ', 'БНД 13,14 - 2016', 3, '892953245'),
(30, 'Веселова Дина Афанасиевна', '2000-07-25', 'Г. Пермь, ул. Куфонина, 10б', 893796127, 'brama@fnlete.guq', '694321 ', 'БНД 13,14 - 2016', 3, '892953245'),
(31, 'Ялунин Степан Ипатиевич', '2000-08-23', 'пос. Кондратово, ул. Подлесная, 43', 898080013, 'brtassama@fnlete.guq', '879150 ', 'ПКС 15,16 - 2016', 4, '892953245'),
(32, 'Громова Наталья Данииловна', '2000-09-01', ' Г. Пермь, ул. Желябова, 10, а', 892938626, 'brbtssama@fnlete.guq', '414774 ', 'ПКС 15,16 - 2016', 4, '892953245'),
(33, 'Глоба Кира Карповна', '2000-09-08', ' Г. Пермь, ш. Космонавтов, 86', 892936170, 'ynyyssama@fnlete.guq', '215221', 'ПКС 15,16 - 2016', 4, '892953245'),
(34, 'Лукьянова Эмилия Евгениевна', '2000-09-21', ' Г. Пермь, ул. Левченко, 9', 892467218, 'tebsama@fnlete.guq', '609403 ', 'ПКС 15,16 - 2016', 4, '892953245'),
(35, 'Бажанова Алиса Андрияновна', '2000-10-05', 'Г. Пермь, ул. Мира, 7', 891306167, 'wrblassama@fnlete.guq', '276245 ', 'ПКС 15,16 - 2016', 4, '892953245'),
(36, 'Топорков Родион Тимурович', '2000-10-11', 'Г. Пермь, ул. Мира, 37', 899186800, 'ynnyssama@fnlete.guq', '327759 ', 'ПКС 15,16 - 2016', 4, '892953245'),
(37, 'Квакина Агата Романовна', '2000-10-18', 'Г. Пермь, ул. Советской Армии, 60', 893428330, 'wrbesama@fnlete.guq', '147674 ', 'ПКС 15,16 - 2016', 4, '892953245'),
(38, 'Бойкова Валерия Якововна', '2000-10-30', 'Г. Пермь, пр-кт Декабристов, 20', 896807611, 'erhnnassama@fnlete.guq', '858514 ', 'ПКС 15,16 - 2016', 4, '892953245'),
(39, 'Ерофеева Инна Романовна', '2000-11-06', 'пос. Усть-Качка, ул. Моторостроителей, 8', 892812950, 'erhtnsama@fnlete.guq', '553949 ', 'ПКС 15,16 - 2016', 4, '892953245'),
(40, 'Яппаров Вячеслав Елисеевич', '2000-11-08', 'Г. Пермь, ул. Коломенская, 5/1', 899470071, 'ertybdeama@fnlete.guq', '521745 ', 'ПКС 15,16 - 2016', 4, '892953245'),
(41, 'Кабаева Ярослава Леонидовна', '2000-11-17', 'Г. Пермь, ул. Героев Хасана, 11б', 895166938, 'wreyhssama@fnlete.guq', '296933 ', 'ПКС 15,16 - 2016', 4, '892953245'),
(42, 'Брюханова Ирина Станиславовна', '2000-11-22', ' Г. Пермь, ул. Революции, 60/1', 898106593, 'wetrassama@fnlete.guq', '596578 ', 'ПКС 15,16 - 2016', 4, '892953245'),
(43, 'Бердников Владимир Юрьевич', '2001-01-01', 'Г. Пермь, ул. Революции, 63/2', 892002827, 'gfegre@mail.ru', '508894 ', 'ПСО 17,18 - 2017', 5, '896010886 '),
(44, 'Яруллина Злата Анатолиевна', '2001-01-30', ' Г. Пермь, ул. Сигаева, 2/1', 896010867, 'gfegre@mail.ru', '968565  ', 'ПСО 17,18 - 2017', 5, '892002852'),
(45, 'Рубанов Гаврила Ефремович', '2001-01-31', ' Г. Пермь, ул. Свиязева, 21', 898482147, 'gfegre@mail.ru', '168063  ', 'ПСО 17,18 - 2017', 5, '891477167 '),
(46, 'Малахов Назар Вадимович', '2001-02-07', 'Г. Пермь, ул. Танкистов , 11', 891477177, 'gfegre@mail.ru', '134332  ', 'ПСО 17,18 - 2017', 5, '892002852'),
(47, 'Охрема Эмма Захаровна', '2001-02-15', 'Г. Пермь, ул. Карла Маркса , 31', 895160797, 'gfegre@mail.ru', '674575  ', 'ПСО 17,18 - 2017', 5, '897320270 '),
(48, 'Рябкин Кир Тарасович', '2001-02-23', 'Г. Пермь, ул. Кирова , 2', 897320707, 'gfegre@mail.ru', '896667  ', 'ПСО 17,18 - 2017', 5, '898591479 '),
(49, 'Ямова Юнона Вячеславовна', '2001-03-16', ' Г. Пермь, ул. Докучаева ,32', 892442997, 'gfegre@mail.ru', '589165  ', 'ПСО 17,18 - 2017', 5, '892321908 '),
(50, 'Гриневеца Людмила Елизаровна', '2001-03-23', ' Г. Пермь, ул. Карпинского ,21', 894607477, 'gfegre@mail.ru', '510573  ', 'ПСО 17,18 - 2017', 5, '892002852'),
(51, 'Оськина Зинаида Иларионовна', '2001-04-06', ' Г. Пермь, ул. Стахановская ,32', 890471537, 'gfegre@mail.ru', '564626  ', 'ПСО 17,18 - 2017', 5, '895505221 '),
(52, 'Шурьева Яна Леонидовна', '2001-04-11', ' Г. Пермь, ул. Стахановская ,54', 898591797, 'gfegre@mail.ru', '892503  ', 'ПСО 17,18 - 2017', 5, '890825573 '),
(53, 'Алексеева Елена Игоревна', '2001-04-26', 'Г. Пермь, ул. Стахановская ,43', 892129917, 'gfegre@mail.ru', '540211', 'ИСО 19,20 - 2017', 6, '896457371'),
(54, 'Щеголяев Родион Мирославович', '2001-05-04', ' Г. Пермь, ул.Кирова ,43', 892321087, 'gfegre@mail.ru', '930934  ', 'ИСО 19,20 - 2017', 6, '892414299 '),
(55, 'Привалов Захар Чеславович', '2001-05-17', ' Г. Пермь, ул.Кирова ,13', 898834567, 'gfegre@mail.ru', '195991  ', 'ИСО 19,20 - 2017', 6, '890479153 '),
(56, 'Барсова Варвара Борисовна', '2001-05-21', ' Г. Пермь, ул.Кирова ,123', 890293746, 'gfegre@mail.ru', '537234  ', 'ИСО 19,20 - 2017', 6, '892129691 '),
(57, 'Созонтова Ираида Игоревна', '2001-06-11', ' Г. Пермь, ул.Ленина ,123', 890825738, 'gfegre@mail.ru', '216859  ', 'ИСО 19,20 - 2017', 6, '898834151 '),
(58, 'Перфильев Тихон Самуилович', '2001-06-15', ' Г. Пермь, ул.Ленина ,1123', 895789418, 'gfegre@mail.ru', '306578  ', 'ИСО 19,20 - 2017', 6, '890293674 '),
(59, 'Кобонова Алина Олеговна', '2001-06-27', 'Г. Пермь, ул.Ленина ,32', 896473712, 'gfegre@mail.ru', '719887  ', 'ИСО 19,20 - 2017', 6, '892002852'),
(60, 'Комягин Анатолий Евгениевич', '2001-06-29', 'Г. Пермь, ул.Старцева ,13', 843834793, 'gfegre@mail.ru', '901368  ', 'ИСО 19,20 - 2017', 6, '895788941 '),
(61, 'Домышев Гаврила Ефремович', '2001-01-31', ' Г. Пермь, ул. Свиязева, 3', 898482147, '6hrgre@mail.ru', '168061', 'ИСО 19,20 - 2017', 6, '891477167 '),
(62, 'Жаров Назар Вадимович', '2001-04-03', 'Г. Пермь, ул. Танкистов , 43', 891471677, 'nrbgre@mail.ru', '134331', 'ИСО 19,20 - 2017', 6, '892002852'),
(63, 'Токмакова Эмма Захаровна', '2001-02-15', 'Г. Пермь, ул. Карла Маркса , 67', 89607597, 'btrbe@mail.ru', '674571', 'БНД 21,22 - 2017', 7, '897320270 '),
(64, 'Ухов Кир Тарасович', '2001-02-23', 'Г. Пермь, ул. Кирова , 4', 897302707, 'btrb@mail.ru', '896661', 'БНД 21,22 - 2017', 5, '898591479 '),
(65, 'Юбкина Юнона Вячеславовна', '2001-04-24', ' Г. Пермь, ул. Докучаева ,53', 892412997, 'rbrte@mail.ru', '589161', 'БНД 21,22 - 2017', 7, '892321908 '),
(66, 'Кожевникова Людмила Елизаровна', '2001-03-23', ' Г. Пермь, ул. Карпинского ,87', 894007477, 'btrbe@mail.ru', '510571', 'БНД 21,22 - 2017', 7, '892002852'),
(67, 'Ныркова Зинаида Иларионовна', '2001-04-06', ' Г. Пермь, ул. Стахановская ,64', 890471537, 'wcvegre@mail.ru', '564621', 'БНД 21,22 - 2017', 7, '895505221 '),
(68, 'Мутовина Яна Леонидовна', '2001-04-27', ' Г. Пермь, ул. Стахановская ,35', 898591797, 'rwbbre@mail.ru', '892501', 'БНД 21,22 - 2017', 7, '890825573 '),
(69, 'Завражина Елена Игоревна', '2001-06-05', 'Г. Пермь, ул. Стахановская ,76', 892129917, 'bebte@mail.ru', '540212', 'БНД 21,22 - 2017', 7, '896457371'),
(70, 'Энгельгардт Родион Мирославович', '2001-05-04', ' Г. Пермь, ул.Кирова ,78', 892329087, 'bterbgre@mail.ru', '930931', 'БНД 21,22 - 2017', 7, '892414299 '),
(71, 'Привалов Захар Чеславович', '2001-05-17', ' Г. Пермь, ул.Кирова ,13', 898834567, 'bwegte@mail.ru', '195992', 'БНД 21,22 - 2017', 7, '890479153 '),
(72, 'Пустоходова Варвара Борисовна', '2001-05-21', ' Г. Пермь, ул.Кирова ,123', 890296746, 'ynrfgre@mail.ru', '537231', 'БНД 21,22 - 2017', 7, '892129691 '),
(73, 'Янсон Ираида Игоревна', '2001-06-11', ' Г. Пермь, ул.Ленина ,123', 890855738, 'wegbre@mail.ru', '216851', 'ПКС 23,24 - 2017', 8, '898834151 '),
(74, 'Гурин Тихон Самуилович', '2001-06-15', ' Г. Пермь, ул.Ленина ,1123', 895789418, 'rgtbgre@mail.ru', '306571', 'ПКС 23,24 - 2017', 8, '890293674 '),
(75, 'Карташёва Алина Олеговна', '2001-06-27', 'Г. Пермь, ул.Ленина ,32', 896453712, '5btrbgre@mail.ru', '719881', 'ПКС 23,24 - 2017', 8, '892002852'),
(76, 'Лещёв Анатолий Евгениевич', '2001-06-29', 'Г. Пермь, ул.Старцева ,13', 843837934, '5bjefe@mail.ru', '901361', 'ПКС 23,24 - 2017', 8, '895788941 '),
(77, 'Яблонев Казимир Егорович', '2000-07-20', 'Г. Пермь, ул. Хохрякова, 27', 892953245, 'yhailassama@fnlete.guq', '588773', 'ПСО 9,10 - 2016', 1, '892953245'),
(78, 'Мальчикова Анастасия Феликсовна', '2000-04-21', ' Г. Пермь, ул. Мира, 7', 891932716, 'yhailassama@fnlete.guq', '464103 ', 'ПКС 23,24 - 2017', 8, '892953245'),
(79, 'Салехов Григорий Потапович', '2000-05-18', 'Г. Пермь, ул. Героев Хасана, 100', 894540245, 'yhailassama@fnlete.guq', '709996 ', 'ПКС 23,24 - 2017', 8, '892983245'),
(80, 'Милов Захар Глебович', '2000-07-31', ' Г. Пермь, ул. Екатерининская, 75', 899113491, 'yhailassama@fnlete.guq', '778869 ', 'ПКС 23,24 - 2017', 8, '892953245'),
(81, 'Чукреев Валентин Федосиевич', '2000-01-05', 'Г. Пермь, ул. Куйбышева, 79, а', 898152955, 'yhailassama@fnlete.guq', '154069 ', 'ПКС 23,24 - 2017', 8, '892953245'),
(82, 'Куксилова Оксана Тимофеевна', '2000-01-12', ' Г. Пермь, ул. Уральская, 69', 895719756, 'yhsdfsama@fnlete.guq', '781298', 'ПКС 23,24 - 2017', 8, '892953245'),
(83, 'Ягешева Христина Георгиевна', '2000-02-03', ' Г. Пермь, ул. Уинская, 5', 898487396, 'yhafgma@fnlete.guq', '863772 ', 'ПКС 23,24 - 2017', 8, '892953245'),
(84, 'Делов Наум Онисимович', '2000-02-09', ' Г. Добрянка, ул. Фрезеровщиков, 86', 898388037, 'yhailassama@fnlete.guq', '489228 ', 'ПСО 25,26 - 2018', 9, '892953245'),
(85, 'Шихранова Майя Ростиславовна', '2000-02-21', 'Г. Пермь, ул. Ленина, 34', 899689458, 'yhgfdma@fnlete.guq', '213918 ', 'ПСО 25,26 - 2018', 9, '892953245'),
(86, 'Габулова Ксения Станиславовна', '2000-02-23', ' Г. Пермь, ул. Монастырская, 61', 896762498, 'yhajtsama@fnlete.guq', '406089 ', 'ПСО 25,26 - 2018', 9, '892953245'),
(87, 'Полушин Нестор Леонидович', '2000-02-24', 'Г. Пермь, ул. Гарцовская, 68, а', 897631323, 'ywvedma@fnlete.guq', '586741 ', 'ПСО 25,26 - 2018', 9, '892953245'),
(88, 'Осинова Марианна Афанасиевна', '2000-03-03', ' Г. Пермь, ул. Ленина, 81', 894327433, 'yhaiverba@famnlete.guq', '319949 ', 'ПСО 25,26 - 2018', 9, '892953245'),
(89, 'Янчин Мирослав Аникитевич', '2000-03-15', ' Г. Пермь, пр-кт Парковый, 43, а', 891932716, 'brwsama@fnlete.guq', '440423 ', 'ПСО 25,26 - 2018', 9, '892953245'),
(90, 'Сязи Зоя Филипповна', '2000-03-20', 'Г. Пермь, ш. Космонавтов, 131, а', 892669602, 'brtwbama@fnlete.guq', '780616 ', 'ПСО 25,26 - 2018', 9, '892953245'),
(91, 'Родионов Кирилл Саввевич', '2000-03-22', ' Г. Пермь, ул. Карпинского, 25', 896843902, 'tywva@fnlete.guq', '545477 ', 'ПСО 25,26 - 2018', 9, '892953245'),
(92, 'Хромова Агата Вячеславовна', '2000-03-24', ' Г. Пермь, пр-д Якуба Коласа, 9', 896863287, 'ntrb@fnlete.guq', '877068 ', 'ПСО 25,26 - 2018', 9, '892953245'),
(93, 'Назаров Мирон Герасимович', '2000-03-31', ' Г. Пермь, ул. Куйбышева, 101', 894251565, 'berg@fnlete.guq', '490385 ', 'ПСО 25,26 - 2018', 9, '892953245'),
(94, 'Пищальникова Вероника Игоревна', '2000-04-13', 'Г. Пермь, ул. Борчанинова, 12', 890252383, 'get@fnlete.guq', '787911 ', 'ИСО 27,28 - 2018', 10, '892953245'),
(95, 'Степихова Яна Карповна', '2000-04-18', 'Г. Пермь, ул. Екатерининская, 169', 898017319, 'btea@fnlete.guq', '406191 ', 'ИСО 27,28 - 2018', 10, '892953245'),
(96, 'Куликова Дарья Карповна', '2000-04-20', 'Г. Пермь, ул. Клары Цеткин, 19, а', 895604716, 'btrnbsama@fnlete.guq', '590550 ', 'ИСО 27,28 - 2018', 10, '892953245'),
(97, 'Шимякина Марина Петровна', '2000-04-21', ' Г. Пермь, ул. Ленина, 81', 895621572, 'brehilassama@fnlete.guq', '762437 ', 'ИСО 27,28 - 2018', 10, '892953245'),
(98, 'Бендлин Артём Игнатиевич', '2000-05-15', ' Г. Пермь, б-р Гагарина, 113, б', 898078627, 'btrblassama@fnlete.guq', '233201 ', 'ИСО 27,28 - 2018', 10, '892953245'),
(99, 'Амбражевича Милена Николаевна', '2000-05-16', ' Г. Пермь, ул. Пушкина, 115а', 892937003, 'btrhilassama@fnlete.guq', '700731 ', 'ИСО 27,28 - 2018', 10, '892953245'),
(100, 'Чичеринова Милена Никитевна', '2000-05-23', ' Г. Пермь, ул. Малкова, 17', 898743031, 'brbssama@fnlete.guq', '287083 ', 'ИСО 27,28 - 2018', 10, '892953245'),
(101, 'Панарина Агафья Данилевна', '2000-05-24', ' Г. Пермь, ул. Мильчакова, 18', 896237802, 'bebersama@fnlete.guq', '678574 ', 'ИСО 27,28 - 2018', 10, '892953245'),
(102, 'Гоминов Сергей Андриянович', '2000-06-16', 'Г. Пермь, ул. Куйбышева, 101', 893206689, 'twvssama@fnlete.guq', '256523 ', 'ИСО 27,28 - 2018', 10, '892953245'),
(103, 'Елешев Андриян Афанасиевич', '2000-07-04', ' Г. Пермь, ул. Плеханова, 1', 892386012, 'twvrama@fnlete.guq', '921108 ', 'ИСО 27,28 - 2018', 10, '892953245'),
(104, 'Щеголяев Прохор Ипатович', '2000-07-17', 'Г. Пермь, пр-кт Парковый, 23', 898106593, 'tnyrssama@fnlete.guq', '649911', 'БНД 29,30 - 2018', 11, '892953245'),
(105, 'Бильбасова Инесса Захаровна', '2000-07-19', 'Г. Пермь, ул. Маяковского, 8', 895166938, 'brebsama@fnlete.guq', '212624 ', 'БНД 29,30 - 2018', 11, '892953245'),
(106, 'Веселова Дина Афанасиевна', '2000-07-25', 'Г. Пермь, ул. Куфонина, 10б', 893796127, 'brama@fnlete.guq', '694321 ', 'БНД 29,30 - 2018', 11, '892953245'),
(107, 'Ялунин Степан Ипатиевич', '2000-08-23', 'пос. Кондратово, ул. Подлесная, 43', 898080013, 'brtassama@fnlete.guq', '879150 ', 'БНД 29,30 - 2018', 11, '892953245'),
(108, 'Громова Наталья Данииловна', '2000-09-01', ' Г. Пермь, ул. Желябова, 10, а', 892938626, 'brbtssama@fnlete.guq', '414774 ', 'БНД 29,30 - 2018', 11, '892953245'),
(109, 'Глоба Кира Карповна', '2000-09-08', ' Г. Пермь, ш. Космонавтов, 86', 892936170, 'ynyyssama@fnlete.guq', '215221', 'БНД 29,30 - 20186', 11, '892953245'),
(110, 'Лукьянова Эмилия Евгениевна', '2000-09-21', ' Г. Пермь, ул. Левченко, 9', 892467218, 'tebsama@fnlete.guq', '609403 ', 'БНД 29,30 - 2018', 11, '892953245'),
(111, 'Бажанова Алиса Андрияновна', '2000-10-05', 'Г. Пермь, ул. Мира, 7', 891306167, 'wrblassama@fnlete.guq', '276245 ', 'БНД 29,30 - 2018', 11, '892953245'),
(112, 'Топорков Родион Тимурович', '2000-10-11', 'Г. Пермь, ул. Мира, 37', 899186800, 'ynnyssama@fnlete.guq', '327759 ', 'БНД 29,30 - 2018', 11, '892953245'),
(113, 'Квакина Агата Романовна', '2000-10-18', 'Г. Пермь, ул. Советской Армии, 60', 893428330, 'wrbesama@fnlete.guq', '147674 ', 'БНД 29,30 - 2018', 11, '892953245'),
(114, 'Бойкова Валерия Якововна', '2000-10-30', 'Г. Пермь, пр-кт Декабристов, 20', 896807611, 'erhnnassama@fnlete.guq', '858514 ', 'ПКС 31,32 - 2018', 12, '892953245'),
(115, 'Ерофеева Инна Романовна', '2000-11-06', 'пос. Усть-Качка, ул. Моторостроителей, 8', 892812950, 'erhtnsama@fnlete.guq', '553949 ', 'ПКС 31,32 - 2018', 12, '892953245'),
(116, 'Яппаров Вячеслав Елисеевич', '2000-11-08', 'Г. Пермь, ул. Коломенская, 5/1', 899470071, 'ertybdeama@fnlete.guq', '521745 ', 'ПКС 31,32 - 2018', 12, '892953245'),
(117, 'Кабаева Ярослава Леонидовна', '2000-11-17', 'Г. Пермь, ул. Героев Хасана, 11б', 895166938, 'wreyhssama@fnlete.guq', '296933 ', 'ПКС 31,32 - 2018', 12, '892953245'),
(118, 'Брюханова Ирина Станиславовна', '2000-11-22', ' Г. Пермь, ул. Революции, 60/1', 898106593, 'wetrassama@fnlete.guq', '596578 ', 'ПКС 31,32 - 2018', 12, '892953245'),
(119, 'Бердников Владимир Юрьевич', '2001-01-01', 'Г. Пермь, ул. Революции, 63/2', 892002827, 'gfegre@mail.ru', '508894 ', 'ПКС 31,32 - 2018', 12, '896010886 '),
(120, 'Яруллина Злата Анатолиевна', '2001-01-30', ' Г. Пермь, ул. Сигаева, 2/1', 896010867, 'gfegre@mail.ru', '968565  ', 'ПКС 31,32 - 2018', 12, '892002852'),
(121, 'Рубанов Гаврила Ефремович', '2001-01-31', ' Г. Пермь, ул. Свиязева, 21', 898482147, 'gfegre@mail.ru', '168063  ', 'ПКС 31,32 - 2018', 12, '891477167 '),
(122, 'Малахов Назар Вадимович', '2001-02-07', 'Г. Пермь, ул. Танкистов , 11', 891477177, 'gfegre@mail.ru', '134332  ', 'ПКС 31,32 - 2018', 12, '892002852'),
(123, 'Охрема Эмма Захаровна', '2001-02-15', 'Г. Пермь, ул. Карла Маркса , 31', 895160797, 'gfegre@mail.ru', '674575 ', 'ПКС 31,32 - 2018', 12, '897320270 '),
(124, 'Топорков Родион Тимурович', '2000-10-11', 'Г. Пермь, ул. Мира, 37', 899186800, 'ynnyssama@fnlete.guq', '327759 ', 'ПСО 33,34- 2019', 13, '892953245'),
(125, 'Квакина Агата Романовна', '2000-10-18', 'Г. Пермь, ул. Советской Армии, 60', 893428330, 'wrbesama@fnlete.guq', '147674 ', 'ПСО 33,34- 2019', 13, '892953245'),
(126, 'Бойкова Валерия Якововна', '2000-10-30', 'Г. Пермь, пр-кт Декабристов, 20', 896807611, 'erhnnassama@fnlete.guq', '858514 ', 'ПСО 33,34- 2019', 13, '892953245'),
(127, 'Ерофеева Инна Романовна', '2000-11-06', 'пос. Усть-Качка, ул. Моторостроителей, 8', 892812950, 'erhtnsama@fnlete.guq', '553949 ', 'ПСО 33,34- 2019', 13, '892953245'),
(128, 'Яппаров Вячеслав Елисеевич', '2000-11-08', 'Г. Пермь, ул. Коломенская, 5/1', 899470071, 'ertybdeama@fnlete.guq', '521745 ', 'ПСО 33,34- 2019', 13, '892953245'),
(129, 'Кабаева Ярослава Леонидовна', '2000-11-17', 'Г. Пермь, ул. Героев Хасана, 11б', 895166938, 'wreyhssama@fnlete.guq', '296933 ', 'ПСО 33,34- 2019', 13, '892953245'),
(130, 'Брюханова Ирина Станиславовна', '2000-11-22', ' Г. Пермь, ул. Революции, 60/1', 898106593, 'wetrassama@fnlete.guq', '596578 ', 'ПСО 33,34- 2019', 13, '892953245'),
(131, 'Бердников Владимир Юрьевич', '2001-01-01', 'Г. Пермь, ул. Революции, 63/2', 892002827, 'gfegre@mail.ru', '508894 ', 'ПСО 33,34- 2019', 13, '896010886 '),
(132, 'Яруллина Злата Анатолиевна', '2001-01-30', ' Г. Пермь, ул. Сигаева, 2/1', 896010867, 'gfegre@mail.ru', '968565 ', 'ПСО 33,34- 2019', 13, '892002852'),
(133, 'Рубанов Гаврила Ефремович', '2001-01-31', ' Г. Пермь, ул. Свиязева, 21', 898482147, 'gfegre@mail.ru', '168063 ', 'ПСО 33,34- 2019', 13, '891477167 '),
(134, 'Малахов Назар Вадимович', '2001-02-07', 'Г. Пермь, ул. Танкистов , 11', 891477177, 'gfegre@mail.ru', '134332 ', 'ИСО 35,36- 2019', 14, '892002852'),
(135, 'Охрема Эмма Захаровна', '2001-02-15', 'Г. Пермь, ул. Карла Маркса , 31', 895160797, 'gfegre@mail.ru', '674575 ', 'ИСО 35,36- 2019', 14, '897320270 '),
(136, 'Рябкин Кир Тарасович', '2001-02-23', 'Г. Пермь, ул. Кирова , 2', 897320707, 'gfegre@mail.ru', '896667 ', 'ИСО 35,36- 2019', 14, '898591479 '),
(137, 'Ямова Юнона Вячеславовна', '2001-03-16', ' Г. Пермь, ул. Докучаева ,32', 892442997, 'gfegre@mail.ru', '589165 ', 'ИСО 35,36- 2019', 14, '892321908 '),
(138, 'Гриневеца Людмила Елизаровна', '2001-03-23', ' Г. Пермь, ул. Карпинского ,21', 894607477, 'gfegre@mail.ru', '510573 ', 'ИСО 35,36- 2019', 14, '892002852'),
(139, 'Оськина Зинаида Иларионовна', '2001-04-06', ' Г. Пермь, ул. Стахановская ,32', 890471537, 'gfegre@mail.ru', '564626 ', 'ИСО 35,36- 2019', 14, '895505221 '),
(140, 'Шурьева Яна Леонидовна', '2001-04-11', ' Г. Пермь, ул. Стахановская ,54', 898591797, 'gfegre@mail.ru', '892503 ', 'ИСО 35,36- 2019', 14, '890825573 '),
(141, 'Алексеева Елена Игоревна', '2001-04-26', 'Г. Пермь, ул. Стахановская ,43', 892129917, 'gfegre@mail.ru', '540211', 'ИСО 35,36- 2019', 14, '896457371'),
(142, 'Щеголяев Родион Мирославович', '2001-05-04', ' Г. Пермь, ул.Кирова ,43', 892321087, 'gfegre@mail.ru', '930934 ', 'ИСО 35,36- 2019', 14, '892414299 '),
(143, 'Привалов Захар Чеславович', '2001-05-17', ' Г. Пермь, ул.Кирова ,13', 898834567, 'gfegre@mail.ru', '195991 ', 'ИСО 35,36- 2019', 14, '890479153 '),
(144, 'Созонтова Ираида Игоревна', '2001-06-11', ' Г. Пермь, ул.Ленина ,123', 890825738, 'gfegre@mail.ru', '216859 ', 'БНД 37,38- 2019', 15, '898834151 '),
(145, 'Перфильев Тихон Самуилович', '2001-06-15', ' Г. Пермь, ул.Ленина ,1123', 895789418, 'gfegre@mail.ru', '306578 ', 'БНД 37,38- 2019', 15, '890293674 '),
(146, 'Кобонова Алина Олеговна', '2001-06-27', 'Г. Пермь, ул.Ленина ,32', 896473712, 'gfegre@mail.ru', '719887 ', 'БНД 37,38- 2019', 15, '892002852'),
(147, 'Комягин Анатолий Евгениевич', '2001-06-29', 'Г. Пермь, ул.Старцева ,13', 843834793, 'gfegre@mail.ru', '901368 ', 'БНД 37,38- 2019', 15, '895788941 '),
(148, 'Домышев Гаврила Ефремович', '2001-01-31', ' Г. Пермь, ул. Свиязева, 3', 898482147, '6hrgre@mail.ru', '168061', 'БНД 37,38- 2019', 15, '891477167 '),
(149, 'Жаров Назар Вадимович', '2001-04-03', 'Г. Пермь, ул. Танкистов , 43', 891471677, 'nrbgre@mail.ru', '134331', 'БНД 37,38- 2019', 15, '892002852'),
(150, 'Токмакова Эмма Захаровна', '2001-02-15', 'Г. Пермь, ул. Карла Маркса , 67', 89607597, 'btrbe@mail.ru', '674571', 'БНД 37,38- 2019', 15, '897320270 '),
(151, 'Ухов Кир Тарасович', '2001-02-23', 'Г. Пермь, ул. Кирова , 4', 897302707, 'btrb@mail.ru', '896661', 'БНД 37,38- 2019', 15, '898591479 '),
(152, 'Юбкина Юнона Вячеславовна', '2001-04-24', ' Г. Пермь, ул. Докучаева ,53', 892412997, 'rbrte@mail.ru', '589161', 'БНД 37,38- 2019', 15, '892321908 '),
(153, 'Кожевникова Людмила Елизаровна', '2001-03-23', ' Г. Пермь, ул. Карпинского ,87', 894007477, 'btrbe@mail.ru', '510571', 'ПКС 39,40- 2019', 16, '892002852'),
(154, 'Ныркова Зинаида Иларионовна', '2001-04-06', ' Г. Пермь, ул. Стахановская ,64', 890471537, 'wcvegre@mail.ru', '564621', 'ПКС 39,40- 2019', 16, '890825573 '),
(156, 'Завражина Елена Игоревна', '2001-06-05', 'Г. Пермь, ул. Стахановская ,76', 892129917, 'bebte@mail.ru', '540212', 'ПКС 39,40- 2019', 16, '896457371'),
(157, 'Энгельгардт Родион Мирославович', '2001-05-04', ' Г. Пермь, ул.Кирова ,78', 892329087, 'bterbgre@mail.ru', '930931', 'ПКС 39,40- 2019', 16, '892414299 '),
(158, 'Привалов Захар Чеславович', '2001-05-17', ' Г. Пермь, ул.Кирова ,13', 898834567, 'bwegte@mail.ru', '195992', 'ПКС 39,40- 2019', 16, '890479153 '),
(159, 'Пустоходова Варвара Борисовна', '2001-05-21', ' Г. Пермь, ул.Кирова ,123', 890296746, 'ynrfgre@mail.ru', '537231', 'ПКС 39,40- 2019', 16, '892129691 '),
(160, 'Янсон Ираида Игоревна', '2001-06-11', ' Г. Пермь, ул.Ленина ,123', 890855738, 'wegbre@mail.ru', '216851', 'ПКС 39,40- 2019', 16, '898834151 '),
(161, 'Гурин Тихон Самуилович', '2001-06-15', ' Г. Пермь, ул.Ленина ,1123', 895789418, 'rgtbgre@mail.ru', '306571', 'ПКС 39,40- 2019', 16, '890293674 '),
(162, 'Карташёва Алина Олеговна', '2001-06-27', 'Г. Пермь, ул.Ленина ,32', 896453712, '5btrbgre@mail.ru', '719881', 'ПКС 39,40- 2019', 16, '892002852'),
(163, 'Лещёв Анатолий Евгениевич', '2001-06-29', 'Г. Пермь, ул.Старцева ,13', 843837934, '5bjefe@mail.ru', '901361', 'ПКС 39,40- 2019', 16, '895788941 ');

--
-- Индексы сохранённых таблиц
--

--
-- Индексы таблицы `группы`
--
ALTER TABLE `группы`
  ADD PRIMARY KEY (`Код_группы`),
  ADD KEY `Код_группы` (`Код_группы`),
  ADD KEY `Шифр_специальности` (`Шифр_специальности`);

--
-- Индексы таблицы `специальности`
--
ALTER TABLE `специальности`
  ADD PRIMARY KEY (`Код_специальности`),
  ADD KEY `Шифр_специальности` (`Шифр_специальности`);

--
-- Индексы таблицы `студенты`
--
ALTER TABLE `студенты`
  ADD PRIMARY KEY (`Код_студента`),
  ADD KEY `Код_группы` (`Код_группы`);

--
-- Ограничения внешнего ключа сохраненных таблиц
--

--
-- Ограничения внешнего ключа таблицы `группы`
--
ALTER TABLE `группы`
  ADD CONSTRAINT `группы_ibfk_1` FOREIGN KEY (`Шифр_специальности`) REFERENCES `специальности` (`Шифр_специальности`),
  ADD CONSTRAINT `группы_ibfk_2` FOREIGN KEY (`Код_группы`) REFERENCES `студенты` (`Код_группы`);

--
-- Ограничения внешнего ключа таблицы `специальности`
--
ALTER TABLE `специальности`
  ADD CONSTRAINT `специальности_ibfk_1` FOREIGN KEY (`Шифр_специальности`) REFERENCES `группы` (`Шифр_специальности`);

--
-- Ограничения внешнего ключа таблицы `студенты`
--
ALTER TABLE `студенты`
  ADD CONSTRAINT `студенты_ibfk_1` FOREIGN KEY (`Код_группы`) REFERENCES `группы` (`Код_группы`);
COMMIT;

/*!40101 SET CHARACTER_SET_CLIENT=@OLD_CHARACTER_SET_CLIENT */;
/*!40101 SET CHARACTER_SET_RESULTS=@OLD_CHARACTER_SET_RESULTS */;
/*!40101 SET COLLATION_CONNECTION=@OLD_COLLATION_CONNECTION */;
